1,Mollee,Klazenga,1991-07-18,5053441728,mklazenga0@wiley.com
2,Sharity,Snedden,1973-01-05,1337006140,ssnedden1@skyrock.com
3,Tessi,Perigeaux,1944-12-12,3275862899,tperigeaux2@com.com
4,Jessy,Roycroft,1920-10-02,9319384301,jroycroft3@salon.com
5,Stanford,Yemm,1991-02-03,6014068612,syemm4@thetimes.co.uk
6,Shandy,Whymark,1945-10-30,3412218733,swhymark5@fastcompany.com
7,Charin,Fisher,1982-05-21,6576570171,cfisher6@weibo.com
8,Glenden,Southcomb,1949-05-27,3865851444,gsouthcomb7@hibu.com
9,Daveta,Baldazzi,1938-09-17,2711342084,dbaldazzi8@gizmodo.com
10,Cesya,Patinkin,1990-07-06,2972151985,cpatinkin9@squarespace.com
11,Nani,Wedon,1938-05-19,1999827993,nwedona@rediff.com
12,Aggie,Spencelayh,1967-06-15,6426633594,aspencelayhb@livejournal.com
13,Bobbe,Casserly,1954-12-06,1713536335,bcasserlyc@bloglovin.com
14,Nita,Huffer,1980-03-15,2877320078,nhufferd@ucoz.ru
15,Neill,Cruickshanks,1941-01-03,5745087556,ncruickshankse@rakuten.co.jp
16,Herculie,Shopcott,2013-08-16,5039886506,hshopcottf@forbes.com
17,Karena,Brammer,1917-11-14,6718757833,kbrammerg@cocolog-nifty.com
18,Iosep,Giberd,1994-02-27,7753926108,igiberdh@google.de
19,Kristofor,Picott,1953-01-03,2818825068,kpicotti@businessinsider.com
20,Stephani,Kingcote,1906-08-17,9029576078,skingcotej@blog.com
21,Annabal,Ortelt,1969-11-06,8011858851,aorteltk@gravatar.com
22,Larisa,De,Cleen,1972-01-24,8327138835,ldel@trellian.com
23,Aubert,Curwood,2001-05-14,9814110786,acurwoodm@dropbox.com
24,Barri,Toplin,1959-02-18,9735400790,btoplinn@nationalgeographic.com
25,Gus,Morewood,2007-09-20,1848710649,gmorewoodo@statcounter.com
26,Alair,Grane,1978-12-04,8114797184,agranep@marketwatch.com
27,Ulrich,Salan,1943-05-27,1664634277,usalanq@pinterest.com
28,Gail,Gothard,1952-04-20,7991901843,ggothardr@nymag.com
29,Salome,Kilban,1954-11-28,6266706008,skilbans@ihg.com
30,Israel,Buttriss,1903-08-16,5027413067,ibuttrisst@berkeley.edu
31,Angel,Heilds,2005-12-05,3902264210,aheildsu@uol.com.br
32,Averell,Maccraw,1982-07-05,6612957800,amaccrawv@npr.org
33,Merrily,Riglesford,1965-06-23,8975729634,mriglesfordw@delicious.com
34,Zacharie,Peasgood,1995-10-17,2049607427,zpeasgoodx@fc2.com
35,Alina,Denk,1948-06-23,9725590848,adenky@stanford.edu
36,Callie,Worts,1963-07-09,6937096485,cwortsz@bloglines.com
37,Alf,Waterworth,1962-06-18,3317573050,awaterworth10@dedecms.com
38,Joye,Bullar,1933-05-01,4046064837,jbullar11@google.fr
39,Sarina,Bourhill,1917-04-12,6991610651,sbourhill12@nationalgeographic.com
40,Maje,Rosetti,1915-11-12,8028111574,mrosetti13@hc360.com
41,Quinlan,Schwier,1969-03-27,8674914562,qschwier14@prweb.com
42,Gayle,Kopp,1925-11-20,7717825755,gkopp15@amazonaws.com
43,Stearn,Hards,1974-01-18,9615613947,shards16@uol.com.br
44,Phillipp,Baitman,1954-09-08,4893902500,pbaitman17@wiley.com
45,Edin,Cannell,1940-09-30,1811056341,ecannell18@technorati.com
46,Ellen,Bryers,1993-12-19,4415032241,ebryers19@independent.co.uk
47,Yurik,Postin,1986-02-28,8763944382,ypostin1a@prweb.com
48,Mirilla,Terese,1976-07-16,5131009885,mterese1b@washington.edu
49,Maurizio,Pretious,1971-01-02,3218313246,mpretious1c@yale.edu
50,Casie,Wewell,1906-07-27,2513834966,cwewell1d@shinystat.com
51,Burt,Tohill,2003-11-24,4577601347,btohill1e@abc.net.au
52,Torrie,Clacey,1995-01-18,2043489238,tclacey1f@nymag.com
53,Carlina,Garrard,1975-02-17,2417028770,cgarrard1g@cnbc.com
54,Talbert,Hawkey,1913-04-08,6401866884,thawkey1h@vkontakte.ru
55,Maye,Chettoe,1996-12-15,8651814628,mchettoe1i@ihg.com
56,Batsheva,Croom,1990-12-13,3091132171,bcroom1j@stumbleupon.com
57,Lucilia,Dowtry,1904-10-11,4381907037,ldowtry1k@amazon.co.uk
58,L;urette,Eilert,1929-04-01,7164139281,leilert1l@e-recht24.de
59,Clair,Gerlack,2008-07-18,2647203102,cgerlack1m@csmonitor.com
60,Stephani,Grishakin,1975-03-09,3482059218,sgrishakin1n@npr.org
61,Clarabelle,Hay,1907-04-06,5197493583,chay1o@disqus.com
62,Cletus,Sides,1959-12-09,4204959253,csides1p@gov.uk
63,Spense,Webburn,1933-10-23,2475482114,swebburn1q@tinyurl.com
64,Andie,Arnli,1954-05-08,6369863463,aarnli1r@vimeo.com
65,Tess,Kenny,1963-04-03,8374069827,tkenny1s@cafepress.com
66,Aldous,Tertre,1957-12-17,9782584118,atertre1t@macromedia.com
67,Saba,Luckcuck,1974-10-11,5918229339,sluckcuck1u@hexun.com
68,Giacomo,Trevance,2005-10-16,2342301551,gtrevance1v@nbcnews.com
69,Jori,Fayerbrother,1978-02-12,4435483522,jfayerbrother1w@disqus.com
70,Anestassia,Ludwikiewicz,1906-03-20,9766895011,aludwikiewicz1x@blogspot.com
71,Marcellina,Birchenhead,1932-04-28,3183971575,mbirchenhead1y@techcrunch.com
72,Rosita,Pauncefoot,1987-08-31,4362597906,rpauncefoot1z@github.io
73,Wallis,Helstrom,1971-11-10,4229107267,whelstrom20@redcross.org
74,Merell,Elders,2013-05-09,9914938090,melders21@ucla.edu
75,Artemus,Driffield,1911-03-12,5007384495,adriffield22@eventbrite.com
76,Anni,Yeardley,1972-09-06,5722730211,ayeardley23@ox.ac.uk
77,Correna,Penylton,1988-05-11,1719805142,cpenylton24@zimbio.com
78,Lola,Kayser,1969-04-14,3507274639,lkayser25@altervista.org
79,Gui,Elcox,1907-03-23,8769591291,gelcox26@vimeo.com
80,Norby,Hawkyens,1996-10-05,7328787947,nhawkyens27@harvard.edu
81,Woody,Virgin,1919-03-02,4847164096,wvirgin28@apple.com
82,Tabor,Dobbie,1934-05-25,1042103775,tdobbie29@abc.net.au
83,Nada,Wolpert,1913-11-23,1368539340,nwolpert2a@dropbox.com
84,Nev,Aberdalgy,1968-09-09,1433787242,naberdalgy2b@elpais.com
85,Grethel,Besnard,2011-03-31,9519939623,gbesnard2c@nymag.com
86,Elle,Amberger,1995-03-23,2004203963,eamberger2d@upenn.edu
87,Anabelle,McBean,1971-12-30,1809927247,amcbean2e@amazon.de
88,Puff,Rockcliff,1958-01-19,8138727929,prockcliff2f@wikipedia.org
89,Carole,Gasken,1902-02-22,7668130534,cgasken2g@51.la
90,Marlo,Hitzschke,1911-06-13,7787509931,mhitzschke2h@cmu.edu
91,Rubi,Burnup,1902-08-05,8586777580,rburnup2i@discovery.com
92,Desirae,Januszkiewicz,1940-01-20,3414978277,djanuszkiewicz2j@jiathis.com
93,Jaquelin,Girardi,1936-06-03,7026654467,jgirardi2k@jigsy.com
94,Jessi,Leyshon,1959-03-02,2356419347,jleyshon2l@chicagotribune.com
95,Diannne,Wafer,1970-12-11,2261091313,dwafer2m@exblog.jp
96,Ezmeralda,Bollum,2011-09-10,2983951740,ebollum2n@sfgate.com
97,Lotty,Bauduin,1948-04-27,8529871991,lbauduin2o@printfriendly.com
98,Ludovico,Pauletti,1982-07-12,8492802791,lpauletti2p@4shared.com
99,Ruddie,Sparwell,1908-02-24,3927083180,rsparwell2q@globo.com
100,Georgie,Putten,1980-02-28,4472690412,gputten2r@archive.org
101,Graig,Sprowles,1950-10-17,9516431169,gsprowles2s@sakura.ne.jp
102,Andrew,Le,Gallo,1932-10-23,5996590166,ale2t@devhub.com
103,Caitrin,Yitzowitz,2005-07-29,1331455452,cyitzowitz2u@microsoft.com
104,Karol,Dumbarton,1905-07-09,3226845513,kdumbarton2v@soup.io
105,Laraine,Vaulkhard,1984-10-01,5937048114,lvaulkhard2w@infoseek.co.jp
106,Cortney,Ledwidge,1955-05-07,4562572624,cledwidge2x@elegantthemes.com
107,Cacilie,Elrick,1913-04-11,2125771256,celrick2y@boston.com
108,Arley,Tellenbroker,2000-05-11,8564059105,atellenbroker2z@soup.io
109,Arleen,Coverly,1928-07-18,7731903154,acoverly30@google.it
110,Niccolo,Barnby,1939-05-31,3576225977,nbarnby31@youtube.com
111,Penny,Heitz,1935-08-18,8229390420,pheitz32@mit.edu
112,Shoshana,Cubley,1998-12-16,8746840026,scubley33@epa.gov
113,Dori,Mandrier,1993-12-30,1579802155,dmandrier34@go.com
114,Brit,Swanbourne,2004-11-23,4711600918,bswanbourne35@goodreads.com
115,Artus,Baukham,1931-01-03,9352596608,abaukham36@tinyurl.com
116,Nichole,Freed,1916-05-14,9323474483,nfreed37@vinaora.com
117,Catharine,Van,Vuuren,1990-03-17,6168319360,cvan38@tinyurl.com
118,Stanly,Shory,1987-04-17,7219362940,sshory39@nih.gov
119,Augusto,Hambleton,1932-07-25,6917425964,ahambleton3a@oracle.com
120,Phil,Mayhead,2009-12-30,2049337448,pmayhead3b@list-manage.com
121,Dal,Mallalieu,1920-04-03,8807817515,dmallalieu3c@booking.com
122,Lisabeth,Partkya,1967-02-08,1542868691,lpartkya3d@quantcast.com
123,Keen,Musson,1971-10-17,1936945945,kmusson3e@netscape.com
124,Cordy,Featherby,1956-04-09,5518131779,cfeatherby3f@timesonline.co.uk
125,Ossie,Dayment,1908-03-10,2321320765,odayment3g@alexa.com
126,Lidia,Bohje,1992-07-28,5066041878,lbohje3h@biblegateway.com
127,Agosto,Cleverly,1912-01-27,4398281774,acleverly3i@sina.com.cn
128,Jodie,Deery,1998-10-01,2658505877,jdeery3j@bloglovin.com
129,Jenda,Schlag,1949-11-24,4177934467,jschlag3k@loc.gov
130,Kipp,Bellhanger,1908-03-23,7602852355,kbellhanger3l@nps.gov
131,Amalie,Perell,1903-02-28,5153696625,aperell3m@csmonitor.com
132,Lloyd,Muckian,1951-09-19,7711398188,lmuckian3n@about.me
133,Ephrem,Orgel,1989-12-10,8772529902,eorgel3o@yellowbook.com
134,Rebeca,Valentinuzzi,1931-06-28,2845784650,rvalentinuzzi3p@lycos.com
135,Phoebe,Foddy,1915-05-21,9688472793,pfoddy3q@chron.com
136,Janella,Ridgers,1929-02-13,6768657330,jridgers3r@admin.ch
137,Kassi,Fernez,2010-07-10,9507731524,kfernez3s@soup.io
138,Cynde,Zanre,1939-11-16,6144084469,czanre3t@omniture.com
139,Chanda,Teeney,1987-05-11,4686915772,cteeney3u@cornell.edu
140,Theo,Helin,1943-11-26,5278601594,thelin3v@timesonline.co.uk
141,Brigitte,Duley,1957-12-05,3801019647,bduley3w@woothemes.com
142,Errick,Elton,1959-08-31,2557829491,eelton3x@simplemachines.org
143,Allistir,MacCarter,1917-08-21,9361189542,amaccarter3y@fc2.com
144,Jaquelyn,Smiz,1998-05-25,4087352255,jsmiz3z@noaa.gov
145,Fabe,Questier,1959-07-28,5161782582,fquestier40@un.org
146,Christiano,MacGillespie,1919-07-13,7844201409,cmacgillespie41@diigo.com
147,Dare,Marion,1940-12-05,8087225783,dmarion42@cam.ac.uk
148,Aylmer,Cheak,1986-02-25,2417763226,acheak43@bigcartel.com
149,Coop,Ryce,1993-05-11,3517328894,cryce44@networkadvertising.org
150,Lonnie,Ridel,1918-04-23,1681576668,lridel45@oaic.gov.au
151,Angel,MacParland,1937-03-13,4401956581,amacparland46@mtv.com
152,Selig,McPeeters,1954-01-28,6087196370,smcpeeters47@google.com.au
153,Keri,Matten,1992-06-10,3585879047,kmatten48@de.vu
154,Gan,Curness,1901-08-12,1153474121,gcurness49@nature.com
155,Gabrila,Sign,1940-07-29,4222399282,gsign4a@unblog.fr
156,Theodosia,Postians,2001-11-14,4443894366,tpostians4b@jalbum.net
157,Phylys,Farndon,2003-11-15,4389904427,pfarndon4c@nature.com
158,Pearl,McManus,1989-12-22,5253773352,pmcmanus4d@chicagotribune.com
159,Brooks,Dunkerk,1941-09-30,3426618597,bdunkerk4e@1688.com
160,Gorden,Leates,1930-12-29,9921518814,gleates4f@nydailynews.com
161,Hinda,Ricciardo,1970-12-08,5856345017,hricciardo4g@dedecms.com
162,Cole,Heinrich,1947-07-06,2285372305,cheinrich4h@nbcnews.com
163,Bibbie,Goodsir,2013-08-02,1711560801,bgoodsir4i@delicious.com
164,Marcelo,Carroll,1995-05-05,6791236568,mcarroll4j@constantcontact.com
165,Laurice,Shingler,1985-04-12,9224688681,lshingler4k@dyndns.org
166,Jolynn,Dodamead,1979-06-14,5387712827,jdodamead4l@columbia.edu
167,Zelig,Haughan,1921-03-16,9212005747,zhaughan4m@businessweek.com
168,Persis,Clearie,1929-07-22,5511994794,pclearie4n@loc.gov
169,Nikki,Fancett,1917-12-25,8075663555,nfancett4o@i2i.jp
170,Jessa,Onthank,1967-06-12,1456582485,jonthank4p@google.co.uk
171,Francyne,Emor,1924-12-14,6015883107,femor4q@seattletimes.com
172,Mackenzie,Gouldsmith,1964-04-11,5103284706,mgouldsmith4r@nasa.gov
173,Juli,Gitthouse,1910-08-10,1347572712,jgitthouse4s@list-manage.com
174,Deedee,Sapsforde,1929-09-15,3063928534,dsapsforde4t@nymag.com
175,Marmaduke,Scohier,1932-07-27,5418145789,mscohier4u@statcounter.com
176,Klaus,Stoakes,1920-12-07,6231295933,kstoakes4v@fda.gov
177,Stanleigh,Caren,1911-07-06,6142955932,scaren4w@tamu.edu
178,Ricoriki,Rainard,1966-07-22,4511780149,rrainard4x@chronoengine.com
179,Richmound,Mosco,2010-11-24,1681503015,rmosco4y@miibeian.gov.cn
180,Petronia,Keitch,1935-09-11,4716492686,pkeitch4z@examiner.com
181,Trip,Chantree,1944-03-26,3764443618,tchantree50@tamu.edu
182,Constantin,Zebedee,1968-05-26,5865038420,czebedee51@narod.ru
183,Franny,Deedes,1912-03-02,6127625237,fdeedes52@a8.net
184,Lavinia,Maffy,1920-05-31,3598010171,lmaffy53@discuz.net
185,Roger,Chucks,1913-02-10,9585552235,rchucks54@wsj.com
186,Coralyn,Dunnet,1990-11-01,3149061996,cdunnet55@homestead.com
187,Carla,Ledrane,1964-07-26,3535670928,cledrane56@nymag.com
188,Stephannie,Haddow,1999-11-17,2636229424,shaddow57@ihg.com
189,Lucius,Gunstone,1986-08-22,4964505238,lgunstone58@yellowbook.com
190,Kevan,Fealey,1941-07-14,1176846056,kfealey59@sphinn.com
191,Arden,Deverille,1981-05-26,2611331740,adeverille5a@jigsy.com
192,Patin,Anwell,1946-05-12,3009587694,panwell5b@usgs.gov
193,Tresa,Evemy,1950-02-16,1229453138,tevemy5c@xinhuanet.com
194,Ignazio,Thuillier,1984-02-21,9951656162,ithuillier5d@4shared.com
195,Beaufort,Owlner,1958-09-15,5701390306,bowlner5e@printfriendly.com
196,Wilt,McMenamy,2005-03-11,9137399623,wmcmenamy5f@squidoo.com
197,Martha,Hissie,1993-11-26,8996374551,mhissie5g@photobucket.com
198,Melva,Caillou,1943-04-20,4268399073,mcaillou5h@apache.org
199,Traci,Pirozzi,1976-12-01,5052397299,tpirozzi5i@surveymonkey.com
200,Dougie,Nardoni,2013-04-18,6549013172,dnardoni5j@youtu.be
201,Leroi,Correa,1940-07-12,5668761505,lcorrea5k@amazon.de
202,Haroun,Eskrick,1902-06-29,2542632691,heskrick5l@sina.com.cn
203,Milton,Antoinet,1994-01-16,9084069991,mantoinet5m@studiopress.com
204,Walt,Colgan,1967-07-24,3231971722,wcolgan5n@dedecms.com
205,Orrin,Blaxlande,1935-05-28,8191669431,oblaxlande5o@amazonaws.com
206,Elaine,Isenor,1949-12-20,9511339004,eisenor5p@jugem.jp
207,Bastien,Wrates,2013-09-26,1048019156,bwrates5q@indiatimes.com
208,Siobhan,Goodbanne,1967-12-05,1043097228,sgoodbanne5r@techcrunch.com
209,Hamilton,Mariot,1966-08-30,4859194557,hmariot5s@dell.com
210,Blinnie,Choake,1988-06-01,5883775943,bchoake5t@behance.net
211,Colver,Keefe,1936-02-25,1439264085,ckeefe5u@chronoengine.com
212,Samuele,Pardoe,1927-04-15,9774023320,spardoe5v@technorati.com
213,Foss,Lukianovich,1910-03-02,8262465787,flukianovich5w@china.com.cn
214,Alejandro,Balazin,2008-07-19,2328162992,abalazin5x@nsw.gov.au
215,Kati,Battyll,1902-09-11,9586217744,kbattyll5y@parallels.com
216,Rowland,Scholes,1947-08-07,5894307906,rscholes5z@plala.or.jp
217,Kassia,Bocock,1947-04-13,4803611865,kbocock60@ucsd.edu
218,Stavros,Howsin,1924-09-25,9029423927,showsin61@zdnet.com
219,Adelle,Sturmey,1929-01-08,5765709462,asturmey62@prlog.org
220,Sarah,Sydry,1940-02-20,9013788310,ssydry63@jugem.jp
221,Brandtr,Camamile,1911-11-07,6926843144,bcamamile64@bizjournals.com
222,Emory,Hanbridge,1984-08-09,4333452971,ehanbridge65@angelfire.com
223,Muhammad,Murfett,2004-06-13,4199259579,mmurfett66@studiopress.com
224,Nicoline,Ubank,1925-10-26,3838515774,nubank67@wordpress.com
225,Dennie,McGray,2012-01-15,3496913771,dmcgray68@epa.gov
226,Winfield,Milius,1911-01-24,8321015181,wmilius69@surveymonkey.com
227,Denys,Bristoe,1936-02-19,4771233498,dbristoe6a@webeden.co.uk
228,Eden,Abrahmer,1931-01-22,5404615017,eabrahmer6b@free.fr
229,Claudian,Cosgreave,1976-12-07,3017588366,ccosgreave6c@spiegel.de
230,Brandais,Kohring,1945-09-27,4306669476,bkohring6d@cargocollective.com
231,Esme,Springtorpe,1902-08-12,2316306351,espringtorpe6e@house.gov
232,Gunar,Bresson,1932-01-04,6628081052,gbresson6f@nba.com
233,Ilyssa,Michel,2014-10-20,7788064159,imichel6g@vkontakte.ru
234,Anissa,Josefovic,1913-01-12,9966491239,ajosefovic6h@boston.com
235,Zora,Forsdyke,1940-04-17,4774206861,zforsdyke6i@cisco.com
236,Alyse,Saville,1970-04-03,2753659830,asaville6j@de.vu
237,Frederik,Sewley,1960-05-14,5441704820,fsewley6k@ucsd.edu
238,Morgan,Ahrend,1976-10-17,1807963629,mahrend6l@dropbox.com
239,Ursula,Porker,1976-06-01,9302190977,uporker6m@fotki.com
240,Linzy,Goffe,1924-07-23,2087810192,lgoffe6n@jigsy.com
241,Whitney,Chatterton,1942-04-22,6554734285,wchatterton6o@ed.gov
242,Steffi,Simms,1946-10-26,8075385254,ssimms6p@phpbb.com
243,Gale,Fitzsimmons,1949-02-06,9045578243,gfitzsimmons6q@last.fm
244,Concordia,Darlison,1990-04-15,7543577877,cdarlison6r@dion.ne.jp
245,Kendricks,Elijah,1912-01-13,1802001305,kelijah6s@admin.ch
246,Ashley,A'field,2001-11-23,3258418914,aafield6t@answers.com
247,Justen,Sego,1931-10-27,8167525040,jsego6u@123-reg.co.uk
248,Malvin,Yole,2003-09-27,2139331179,myole6v@chronoengine.com
249,Reina,Hurles,1987-05-17,4823989366,rhurles6w@exblog.jp
250,Ann-marie,Rude,1940-02-10,1107461121,arude6x@cbc.ca
251,Adelaide,Duckers,1974-03-04,7775034423,aduckers6y@ted.com
252,Alecia,Elstow,2009-02-04,7091193249,aelstow6z@sohu.com
253,Carter,Driussi,1976-07-08,6364330785,cdriussi70@economist.com
254,Julietta,Osmond,1966-06-01,9757744966,josmond71@msn.com
255,Jade,Stobbie,1947-05-31,8081585395,jstobbie72@examiner.com
256,Jenelle,McHale,1927-10-29,6561804763,jmchale73@cnn.com
257,Sibilla,Izhakov,1989-07-10,5894923053,sizhakov74@gmpg.org
258,Gianni,Sarath,1989-07-02,4249216245,gsarath75@nsw.gov.au
259,Shina,Stannard,1962-10-05,6725927483,sstannard76@t-online.de
260,Anton,Dorwood,1939-03-25,5213161213,adorwood77@yahoo.co.jp
261,Ertha,Whitchurch,2011-02-26,7651461413,ewhitchurch78@digg.com
262,Sandor,Long,1902-02-02,6568459981,slong79@japanpost.jp
263,Norine,Nuttey,1967-06-01,4309327352,nnuttey7a@odnoklassniki.ru
264,Joline,Arnhold,1913-11-15,3859606400,jarnhold7b@archive.org
265,Michelina,Lavrinov,1924-12-03,3381516881,mlavrinov7c@mlb.com
266,Sybyl,Lansberry,1989-01-11,2122566335,slansberry7d@webs.com
267,Katinka,Newdick,1927-10-11,8368741744,knewdick7e@rediff.com
268,Zora,Ofield,1925-05-25,5256470892,zofield7f@cnbc.com
269,Chet,Furlow,2010-03-12,3368041001,cfurlow7g@eventbrite.com
270,Konstantin,McParlin,1972-04-19,3149311697,kmcparlin7h@state.tx.us
271,Adore,Puddefoot,1992-03-11,2987437915,apuddefoot7i@nature.com
272,Frieda,Harkins,1908-01-08,8284162536,fharkins7j@ucla.edu
273,Terrye,Deverale,2015-04-01,6154641909,tdeverale7k@gnu.org
274,Sydney,Fleetham,1956-08-13,3506191750,sfleetham7l@symantec.com
275,Zarah,Glynn,1970-03-19,2698131410,zglynn7m@zdnet.com
276,Chickie,Maasz,1946-03-19,9164770913,cmaasz7n@tripod.com
277,Darryl,Ilett,1942-07-12,4935219511,dilett7o@rambler.ru
278,Mario,Forsyth,1988-06-09,5908794052,mforsyth7p@myspace.com
279,Georges,Sallery,1993-12-16,1608788332,gsallery7q@linkedin.com
280,Alfy,Devlin,1940-12-15,9248901680,adevlin7r@reverbnation.com
281,Auberta,Hummerston,1912-01-14,5164491535,ahummerston7s@qq.com
282,Blakeley,Jirousek,1996-11-02,4385584263,bjirousek7t@washington.edu
283,Silvanus,Beauman,1931-09-11,4152931190,sbeauman7u@examiner.com
284,Dot,Gioani,1915-09-17,9269419557,dgioani7v@tinypic.com
285,Courtnay,Wyne,1975-07-31,1366709855,cwyne7w@wisc.edu
286,Cicily,Heale,1966-03-29,9444199998,cheale7x@sciencedaily.com
287,Alameda,Ingry,1947-05-28,8926330096,aingry7y@walmart.com
288,Alysa,Gerling,1970-09-23,9192548974,agerling7z@istockphoto.com
289,Sammie,Beynon,1975-04-03,1948682072,sbeynon80@tripod.com
290,Ranee,Huetson,1901-06-27,2517769745,rhuetson81@surveymonkey.com
291,Jessa,Puttick,2013-06-01,8321225196,jputtick82@discovery.com
292,Frank,Barnett,1915-08-30,8306629682,fbarnett83@furl.net
293,Britta,Laurand,1983-11-20,6819078108,blaurand84@tumblr.com
294,Benton,Ringe,1955-05-07,4041885903,bringe85@cmu.edu
295,Lief,Gummoe,1907-12-21,3158640356,lgummoe86@linkedin.com
296,Luis,Robillart,2003-10-11,1123869443,lrobillart87@trellian.com
297,Hastie,Rickwood,1916-04-20,7315759015,hrickwood88@ftc.gov
298,Merola,Petrushanko,1902-02-12,1247443950,mpetrushanko89@imageshack.us
299,Jamil,Blore,1924-04-19,5378293798,jblore8a@cam.ac.uk
300,Ibrahim,Crispin,1949-04-27,9052466422,icrispin8b@ovh.net
301,Web,Sabate,1908-11-16,9047867771,wsabate8c@mysql.com
302,Arch,Blakeslee,2007-09-01,1711829678,ablakeslee8d@cbc.ca
303,Carolan,Peirce,1901-01-25,1622741644,cpeirce8e@sitemeter.com
304,Julissa,Speeks,1927-07-27,4379274100,jspeeks8f@wsj.com
305,Aggie,Rove,1938-02-14,2658448886,arove8g@ezinearticles.com
306,Sindee,Bichard,1994-09-27,3997599179,sbichard8h@disqus.com
307,Barrie,Buxcy,1961-06-04,9553490584,bbuxcy8i@tiny.cc
308,Kyrstin,Bogart,1918-08-04,7062446618,kbogart8j@blogspot.com
309,Gavin,Elward,1950-03-07,6471669174,gelward8k@ucoz.ru
310,Rees,Gilardone,1941-11-17,1007567727,rgilardone8l@nih.gov
311,Ford,Zebedee,1993-01-12,1204462796,fzebedee8m@youtu.be
312,Hershel,Dubois,1902-03-28,8067317018,hdubois8n@mozilla.org
313,Candie,Dearsley,1920-12-18,3152967770,cdearsley8o@slideshare.net
314,Hubie,Woollcott,1907-06-18,5408852433,hwoollcott8p@dot.gov
315,Nissie,Sindell,1965-06-25,9503885121,nsindell8q@marriott.com
316,Adolpho,Fitchen,1920-07-31,5059138291,afitchen8r@wunderground.com
317,Umberto,Bonnyson,1929-02-10,3837320438,ubonnyson8s@omniture.com
318,Pearl,Lardier,1926-01-28,2727637051,plardier8t@go.com
319,Teriann,Wadge,1940-07-26,6802606887,twadge8u@reference.com
320,Jeanelle,Mumm,1958-01-21,1827124304,jmumm8v@google.com.au
321,Parry,Aspel,2005-11-19,6423966100,paspel8w@wikia.com
322,Wilmer,Riepel,1955-03-08,8747507998,wriepel8x@jugem.jp
323,Lauren,Nicholls,1968-06-13,5247456205,lnicholls8y@blogspot.com
324,Lavinia,Khotler,1947-06-14,8857604389,lkhotler8z@addthis.com
325,Elisa,Sidnall,2000-12-03,8138303079,esidnall90@scribd.com
326,Josi,Stang-Gjertsen,1987-09-22,5785463697,jstanggjertsen91@netvibes.com
327,Rozalie,Gillinghams,1969-08-26,1034570416,rgillinghams92@arstechnica.com
328,Kelsy,Scutcheon,1923-01-20,7954534845,kscutcheon93@guardian.co.uk
329,Horatia,Rymmer,1911-11-16,3522355267,hrymmer94@e-recht24.de
330,Clerkclaude,Salvin,1962-10-17,6691950987,csalvin95@jalbum.net
331,Parnell,Barefoot,1988-02-25,4106440823,pbarefoot96@sfgate.com
332,Averil,Warboy,1944-09-09,7461392675,awarboy97@mediafire.com
333,Petunia,Franca,1906-09-15,2363827168,pfranca98@wisc.edu
334,Lucienne,Camilio,1902-01-06,5016411474,lcamilio99@smh.com.au
335,Ade,Plaister,1992-11-27,2218778668,aplaister9a@si.edu
336,Anselma,Clewlowe,1923-01-19,5588620885,aclewlowe9b@howstuffworks.com
337,Marti,Marquiss,1961-04-23,3329490773,mmarquiss9c@ucsd.edu
338,Georas,Gregolin,1905-08-17,1507878404,ggregolin9d@go.com
339,Adrian,Blethin,2008-06-02,5328991156,ablethin9e@blinklist.com
340,Ashley,Morando,1969-11-21,2633674744,amorando9f@webs.com
341,Barnabas,Illing,1903-09-11,8158799542,billing9g@ning.com
342,Alec,Parr,1921-11-28,2949811588,aparr9h@ocn.ne.jp
343,Ennis,Gillingham,1918-02-06,2867039150,egillingham9i@yellowpages.com
344,Rickard,Scandroot,1915-03-25,6193908473,rscandroot9j@seesaa.net
345,Mercy,Seignior,1950-02-03,8022919894,mseignior9k@phpbb.com
346,Breena,Blanchette,2015-03-23,4709275687,bblanchette9l@house.gov
347,Glory,Dedenham,1923-12-19,3395842580,gdedenham9m@google.fr
348,Lorena,Dominy,2008-08-13,3437120747,ldominy9n@cam.ac.uk
349,Dalston,Strick,1980-02-27,2795599568,dstrick9o@hc360.com
350,Jimmie,Dreng,1968-01-01,2642973090,jdreng9p@phpbb.com
351,Raynor,Monini,1953-01-11,1993040157,rmonini9q@youtube.com
352,Alaine,Godsmark,1907-04-11,5678013462,agodsmark9r@shinystat.com
353,Addi,Regler,1941-06-17,7852120157,aregler9s@storify.com
354,Berrie,Dowley,1924-01-24,4246316261,bdowley9t@simplemachines.org
355,Darryl,Duker,1919-05-20,3789003842,dduker9u@guardian.co.uk
356,Ailey,Heliot,1926-06-24,9232940325,aheliot9v@360.cn
357,Lorelle,Gehrts,2007-06-06,5584135464,lgehrts9w@dailymotion.com
358,Harlen,Ruste,1960-11-29,3314997739,hruste9x@ihg.com
359,Harriot,Atcherley,1915-03-07,2053945778,hatcherley9y@salon.com
360,Ainslie,Francescuzzi,1904-08-15,4638914130,afrancescuzzi9z@bandcamp.com
361,Bern,Hayball,2000-12-07,3137645736,bhayballa0@goo.ne.jp
362,Janey,Aslen,1925-05-30,3637945361,jaslena1@domainmarket.com
363,Hewet,Tabor,1961-06-23,8671478228,htabora2@accuweather.com
364,Duane,Broun,1999-10-06,2132553627,dbrouna3@sourceforge.net
365,Kinny,Bernhart,1986-12-15,7917396711,kbernharta4@goo.gl
366,Margarita,Schuler,1999-10-10,3127362515,mschulera5@webnode.com
367,Muffin,Kilius,1924-03-17,8728761648,mkiliusa6@nba.com
368,Rosabel,Minifie,1905-08-25,6617050846,rminifiea7@last.fm
369,Fidel,Fullard,1920-04-09,8978877920,ffullarda8@360.cn
370,Wallache,Buckston,2001-06-22,6391118773,wbuckstona9@multiply.com
371,Xerxes,Yanuk,1915-10-29,7189960206,xyanukaa@europa.eu
372,Ivette,Paffitt,1922-10-27,3327894448,ipaffittab@salon.com
373,Cecil,Grangier,1980-03-11,4455260480,cgrangierac@cloudflare.com
374,Dela,Clayborn,1916-03-25,5536404562,dclaybornad@prnewswire.com
375,Arda,Bartot,1934-02-24,8694457615,abartotae@oaic.gov.au
376,Somerset,Kedie,2003-04-01,4196156023,skedieaf@mlb.com
377,Rodie,Biagi,1946-12-02,2059349693,rbiagiag@g.co
378,Tuesday,Rudkin,1901-03-27,6651580484,trudkinah@ocn.ne.jp
379,Tiffany,Romayne,2010-03-30,4148679557,tromayneai@goo.ne.jp
380,Anatole,Itzcovichch,1999-08-25,2812812203,aitzcovichchaj@behance.net
381,Grenville,Kedward,1959-12-16,4169250213,gkedwardak@tamu.edu
382,Stanislaus,Hillborne,2005-05-28,2751352639,shillborneal@java.com
383,Tandie,Skipping,1913-12-02,5866214708,tskippingam@foxnews.com
384,Marillin,Praill,1933-09-22,9537209688,mpraillan@senate.gov
385,Jemie,Lines,1995-12-10,9008086664,jlinesao@zdnet.com
386,Emylee,Strahan,1927-10-26,4393579272,estrahanap@dot.gov
387,Fitzgerald,Johananoff,1964-06-09,1983566497,fjohananoffaq@google.co.uk
388,Phillipe,Bruckstein,1903-02-25,2304791177,pbrucksteinar@huffingtonpost.com
389,Moritz,Elgood,1974-05-27,1966965175,melgoodas@hhs.gov
390,Salome,Alliker,2011-09-11,2377028090,sallikerat@disqus.com
391,Tam,Worden,1937-07-03,6657972363,twordenau@drupal.org
392,Arlina,Salsberg,1944-07-31,5446531980,asalsbergav@csmonitor.com
393,Padraic,Vernall,1953-10-31,2015198619,pvernallaw@example.com
394,Madalena,Kopps,1972-07-27,6336054005,mkoppsax@deliciousdays.com
395,Leah,Forestall,1914-12-03,7805308652,lforestallay@soundcloud.com
396,Eolande,Prahl,1941-11-06,6475085023,eprahlaz@si.edu
397,Gwendolyn,Quilleash,1919-01-26,1584674031,gquilleashb0@cmu.edu
398,Tucky,Swabey,2005-03-13,8923195351,tswabeyb1@multiply.com
399,Rikki,Kenwin,1987-07-29,3784044003,rkenwinb2@blogger.com
400,Alexa,Gooderridge,1902-05-08,2941862194,agooderridgeb3@smugmug.com
401,Boyce,Scorey,1954-09-03,2238403468,bscoreyb4@soundcloud.com
402,Lucilia,Lies,1975-08-22,4823127338,lliesb5@reddit.com
403,Trixi,Rogeron,1924-01-03,8599258315,trogeronb6@marriott.com
404,Waylan,Witcher,1912-10-21,2314157697,wwitcherb7@howstuffworks.com
405,Siusan,Clausson,1914-10-10,5357332438,sclaussonb8@weebly.com
406,Devy,Westmancoat,1938-06-06,3117134093,dwestmancoatb9@istockphoto.com
407,Trescha,Goodfellowe,1968-03-12,9585722540,tgoodfelloweba@4shared.com
408,Paten,Coumbe,2008-11-21,9247997939,pcoumbebb@stanford.edu
409,Tirrell,Forrestor,1918-09-27,5507173680,tforrestorbc@ted.com
410,Mikel,Alexsandrov,1996-06-09,3566300908,malexsandrovbd@infoseek.co.jp
411,Tim,Jozsika,1906-12-06,9372040501,tjozsikabe@wiley.com
412,Laural,Attyeo,1940-12-06,1004989657,lattyeobf@ucoz.com
413,Arel,Melloi,1978-06-07,9638612402,amelloibg@w3.org
414,Walker,Costall,1918-04-13,1465471409,wcostallbh@wikia.com
415,Carolann,Champkin,1986-01-29,2167054455,cchampkinbi@theguardian.com
416,Marsh,Cleghorn,1958-11-19,1426819127,mcleghornbj@ehow.com
417,Flinn,Roston,1941-06-28,4943819250,frostonbk@squidoo.com
418,Rosemary,Phelp,1951-03-08,9293471711,rphelpbl@sciencedirect.com
419,Koren,Redish,1988-12-12,1475839695,kredishbm@exblog.jp
420,Keslie,Casbourne,2009-10-14,9203317767,kcasbournebn@blogger.com
421,Luciana,Rowbotham,1997-07-08,2103241202,lrowbothambo@ameblo.jp
422,Yance,Westrey,1937-03-09,9199066025,ywestreybp@shareasale.com
423,Janifer,Casperri,1941-09-20,1451428074,jcasperribq@army.mil
424,Aubrey,Wonter,2008-10-23,5625827068,awonterbr@weibo.com
425,Mechelle,Osan,1918-07-26,9468755361,mosanbs@wordpress.org
426,Maynord,Niccolls,1948-05-21,4067566545,mniccollsbt@spotify.com
427,Brunhilda,Hasling,2011-07-29,4277460465,bhaslingbu@globo.com
428,Teodorico,Paling,1951-11-13,1905498868,tpalingbv@smh.com.au
429,Consuelo,Yedy,1980-08-27,6358277688,cyedybw@earthlink.net
430,Rozelle,Blessed,1961-07-13,1431066332,rblessedbx@drupal.org
431,Perry,Garfit,1987-10-11,2691464169,pgarfitby@weebly.com
432,Eimile,Jess,2000-10-22,6764304331,ejessbz@smh.com.au
433,Saleem,Vittet,1959-11-05,3349525632,svittetc0@rediff.com
434,Elliott,Lenormand,1905-10-15,4162619071,elenormandc1@delicious.com
435,Che,Dobrovolski,1933-03-13,4364749859,cdobrovolskic2@shareasale.com
436,Donalt,Woolfitt,1905-12-12,7193074655,dwoolfittc3@washington.edu
437,Ermengarde,Lambis,1963-09-15,1125815497,elambisc4@desdev.cn
438,Marci,Carik,2003-10-03,5728077761,mcarikc5@oakley.com
439,Vikky,Greetham,1957-05-24,3109006326,vgreethamc6@virginia.edu
440,Ivory,Dimbleby,1947-02-24,3691745751,idimblebyc7@hatena.ne.jp
441,Giulio,Wrigglesworth,1946-11-22,5548198512,gwrigglesworthc8@jalbum.net
442,Merv,Hingeley,1970-01-13,1809070287,mhingeleyc9@bloomberg.com
443,Jonathon,McBrearty,1937-01-13,9287340125,jmcbreartyca@privacy.gov.au
444,Shem,Webborn,2001-09-05,2597091491,swebborncb@yelp.com
445,Flori,Fentem,1955-10-01,5609011028,ffentemcc@tmall.com
446,Salim,Luisetti,1926-05-23,9622227711,sluisetticd@cam.ac.uk
447,Sim,Joannidi,1954-07-25,1159992751,sjoannidice@shop-pro.jp
448,Sharia,Schach,1945-01-16,5676468667,sschachcf@bbb.org
449,Hubie,Lawly,1946-02-08,8198382046,hlawlycg@uol.com.br
450,Carmencita,O',Faherty,1918-01-03,7092171679,coch@joomla.org
451,Bernie,Lyddyard,1986-11-19,5137906892,blyddyardci@tamu.edu
452,Heindrick,Ondricek,2002-12-22,1434639362,hondricekcj@arizona.edu
453,Budd,Boldra,1973-08-08,1431050988,bboldrack@github.io
454,Paul,Halbard,1922-01-04,6605353886,phalbardcl@ebay.com
455,Danita,Fogt,2004-05-04,6197240738,dfogtcm@newyorker.com
456,Reggie,Davidovitz,1993-12-30,6869087571,rdavidovitzcn@ovh.net
457,Trace,Pesik,2001-05-04,5822214717,tpesikco@archive.org
458,Elvina,Asquith,2003-03-28,8695397078,easquithcp@businesswire.com
459,Alastair,Tribbeck,1926-06-18,6065365400,atribbeckcq@wsj.com
460,Edee,Lorenzini,1908-09-30,4564765117,elorenzinicr@istockphoto.com
461,Sherie,Viant,1955-02-21,9487756763,sviantcs@fastcompany.com
462,Trudi,Barens,1931-02-13,9883821101,tbarensct@indiatimes.com
463,Martguerita,McLeman,1903-01-09,8201441069,mmclemancu@miibeian.gov.cn
464,Isidore,Spondley,1989-02-28,3056393588,ispondleycv@deliciousdays.com
465,Gypsy,Hartfield,1921-11-03,7059577701,ghartfieldcw@reuters.com
466,Robbie,Darrigone,1992-07-10,8559281336,rdarrigonecx@twitpic.com
467,Shanda,Bennough,2009-06-17,1331786433,sbennoughcy@admin.ch
468,Nerty,Millership,1989-03-19,1494678100,nmillershipcz@surveymonkey.com
469,Shel,Willmett,1985-06-18,5322343070,swillmettd0@google.com.hk
470,Reynard,Sorrel,1984-07-14,4012932105,rsorreld1@sciencedirect.com
471,Zaccaria,Blomfield,1961-05-17,1601959406,zblomfieldd2@hugedomains.com
472,Reece,Martello,1928-08-01,6295416853,rmartellod3@buzzfeed.com
473,Esra,Fried,1917-03-12,6453614783,efriedd4@ow.ly
474,Kerrin,Hardey,1942-10-24,5175098108,khardeyd5@acquirethisname.com
475,Modestia,Toplin,1992-05-02,1108002540,mtoplind6@oracle.com
476,Gabriel,Norewood,1969-12-05,6797627793,gnorewoodd7@nifty.com
477,Karna,Smeaton,2001-02-22,6963394542,ksmeatond8@globo.com
478,Philipa,Schiesterl,2011-02-03,2604482447,pschiesterld9@harvard.edu
479,Brendin,Aldine,2010-04-02,8161225279,baldineda@vkontakte.ru
480,Othilie,Tassaker,1972-05-07,1456755514,otassakerdb@merriam-webster.com
481,Dulcine,Footitt,1960-06-27,9963740869,dfootittdc@gizmodo.com
482,Abra,Sabati,1962-03-03,9025167817,asabatidd@nbcnews.com
483,Bradford,Harlin,1958-07-28,4004463612,bharlinde@xing.com
484,Korrie,Osgorby,2014-03-21,9077163976,kosgorbydf@guardian.co.uk
485,Trenton,Abeles,1916-02-11,3516109244,tabelesdg@usgs.gov
486,Renata,Davydzenko,1955-08-30,2466632528,rdavydzenkodh@elegantthemes.com
487,Gunther,Treweke,1971-04-01,6274930535,gtrewekedi@cdc.gov
488,Cornie,Tudball,1966-07-11,1817739981,ctudballdj@chron.com
489,Lindsy,MacCosto,2009-01-21,9522001264,lmaccostodk@behance.net
490,Darwin,Assinder,1998-09-03,7774149985,dassinderdl@merriam-webster.com
491,Jan,Eagles,2000-11-08,4295049884,jeaglesdm@canalblog.com
492,Yurik,McLugaish,1964-11-22,6546484441,ymclugaishdn@squidoo.com
493,Phillie,Snarr,1994-04-03,7485959374,psnarrdo@dropbox.com
494,Cobbie,Eastwell,2014-02-08,2469438802,ceastwelldp@disqus.com
495,Tamra,Helstrip,1969-08-11,7816053042,thelstripdq@bravesites.com
496,Druci,Nancekivell,1910-04-02,9546512881,dnancekivelldr@java.com
497,Terrence,Thwaites,1956-02-18,9599635853,tthwaitesds@usatoday.com
498,Margaretha,Callan,1970-03-04,3456814895,mcallandt@jimdo.com
499,Ivor,Hairesnape,1962-12-10,1036625086,ihairesnapedu@walmart.com
500,Archambault,Sircomb,1930-07-03,3442339083,asircombdv@odnoklassniki.ru
501,Arabella,Petkovic,1914-03-29,7472434841,apetkovicdw@arstechnica.com
502,Perceval,Fucher,1934-12-20,2391400237,pfucherdx@ucoz.ru
503,Myrtice,Gounel,1938-10-08,7512762713,mgouneldy@ycombinator.com
504,Kimberlyn,Hoyes,1991-04-23,5815920637,khoyesdz@angelfire.com
505,Anna-diane,Shearman,1956-03-17,3822192904,ashearmane0@house.gov
506,Bobine,Chastey,1942-03-20,5579091890,bchasteye1@ted.com
507,Trudy,Bravey,2003-12-23,9304708838,tbraveye2@parallels.com
508,Aeriell,Luxon,2014-03-16,4832146050,aluxone3@github.io
509,Devin,Ellaman,1936-02-07,7948184319,dellamane4@desdev.cn
510,Dulcine,Coldbreath,1904-08-08,6257470182,dcoldbreathe5@cbc.ca
511,Park,Ogelbe,2009-04-17,2281646340,pogelbee6@sphinn.com
512,Norton,Azam,1940-04-04,3063996587,nazame7@rambler.ru
513,Meredith,Bramwell,1904-05-15,6692566090,mbramwelle8@howstuffworks.com
514,Cirillo,Le,land,1925-01-12,6763736439,clee9@census.gov
515,Glendon,Ells,2005-05-19,1205672284,gellsea@imdb.com
516,Colet,Durnall,1914-05-25,5506089344,cdurnalleb@discuz.net
517,Jamie,Tatchell,2004-03-15,9864319209,jtatchellec@cdbaby.com
518,Fairleigh,Haines,1931-12-21,4741517862,fhainesed@diigo.com
519,Tara,Wilcher,1990-07-13,8697458137,twilcheree@live.com
520,Anitra,Mullard,1965-07-28,7681919804,amullardef@1688.com
521,Bronson,Arkley,1951-02-05,3206899258,barkleyeg@oaic.gov.au
522,Astra,Sparey,1962-05-25,1468855993,aspareyeh@economist.com
523,Briny,O'Hare,1911-04-02,9056519681,bohareei@domainmarket.com
524,Harman,Handling,1937-02-09,8411403768,hhandlingej@wp.com
525,Benny,Gwatkin,1936-06-22,1885957758,bgwatkinek@weibo.com
526,Bobine,Legan,1910-12-18,8923727214,bleganel@europa.eu
527,Waldemar,Luisetti,1923-12-20,9485455530,wluisettiem@goodreads.com
528,Renee,Watting,2011-01-04,6158553503,rwattingen@live.com
529,Ruben,Bantick,1905-01-25,7714271166,rbantickeo@deliciousdays.com
530,Vito,Blower,1994-01-05,5928747883,vblowerep@discovery.com
531,Tonie,Dendle,1953-11-24,6518223735,tdendleeq@unblog.fr
532,Malachi,Ruit,1954-06-10,6621248569,mruiter@devhub.com
533,Deerdre,Antoniades,1968-12-16,4024171222,dantoniadeses@istockphoto.com
534,Branden,Vittore,1980-06-09,2162339748,bvittoreet@time.com
535,Gwenette,Hurche,1903-02-12,5856851661,ghurcheeu@ox.ac.uk
536,Kinnie,Tidcomb,1984-02-14,9763085156,ktidcombev@meetup.com
537,Kristofer,Stobie,1915-10-20,3776861984,kstobieew@mapy.cz
538,Carma,Biernacki,1938-11-20,8042023514,cbiernackiex@europa.eu
539,Maible,Warman,1910-08-26,9834063237,mwarmaney@devhub.com
540,Henriette,Canland,1972-03-24,8324255480,hcanlandez@oakley.com
541,Norina,McKie,1974-01-19,8017054827,nmckief0@e-recht24.de
542,Brade,McIlharga,2009-01-27,9576534885,bmcilhargaf1@quantcast.com
543,Layne,Balasini,1976-09-15,8432102371,lbalasinif2@bloomberg.com
544,Doe,Stroband,1976-06-23,3188100122,dstrobandf3@wp.com
545,Rayner,Ivanov,1930-02-02,9046479127,rivanovf4@vistaprint.com
546,Antonetta,Bourke,1944-03-16,2893545253,abourkef5@deliciousdays.com
547,Paxon,Odcroft,1925-01-23,5729427710,podcroftf6@imgur.com
548,Brinna,Heskins,1909-12-02,8429721968,bheskinsf7@shareasale.com
549,Ray,Steart,1999-10-05,9158973542,rsteartf8@mysql.com
550,Veriee,Kleiner,2009-06-10,1621521463,vkleinerf9@imgur.com
551,York,Coston,1975-12-27,8174005763,ycostonfa@nyu.edu
552,Curtis,Hehnke,2011-04-25,9359174633,chehnkefb@google.de
553,Winslow,Friatt,1918-09-05,2692747174,wfriattfc@reference.com
554,Elisabeth,Manicom,1959-01-30,8046888835,emanicomfd@cnbc.com
555,Bradford,Richardon,1988-05-08,8462802989,brichardonfe@mlb.com
556,Cookie,Rappa,1991-10-17,4336875523,crappaff@reverbnation.com
557,Justen,McGenn,1909-07-27,1351470344,jmcgennfg@bloglines.com
558,Stillman,Morl,1909-08-20,7134628310,smorlfh@edublogs.org
559,Danielle,Sloegrave,1978-12-30,8529572523,dsloegravefi@hp.com
560,Carmel,Allgood,1974-12-07,1816788897,callgoodfj@flavors.me
561,Linnell,Burwood,1955-03-17,6158868698,lburwoodfk@apache.org
562,Dannel,Meiklam,1998-10-04,8522271959,dmeiklamfl@ted.com
563,Miof,mela,Brick,1989-11-01,3997183826,mmelafm@yandex.ru
564,Bonita,Tout,1993-07-11,2341504435,btoutfn@pbs.org
565,Hymie,Mea,1927-02-26,8205268831,hmeafo@merriam-webster.com
566,Malvin,Stacy,1971-04-28,4348025912,mstacyfp@skype.com
567,Merridie,Blundel,1918-08-18,7109705437,mblundelfq@ihg.com
568,Salmon,Jewiss,1970-10-01,2733630954,sjewissfr@spiegel.de
569,Jamima,Collyear,1935-08-22,2402892630,jcollyearfs@bloglovin.com
570,Skyler,Olechnowicz,1932-05-24,8883998672,solechnowiczft@admin.ch
571,Dionysus,O'Tuohy,2005-10-17,9691274478,dotuohyfu@cargocollective.com
572,Kayle,Marcq,1986-09-29,1337011036,kmarcqfv@bing.com
573,Florri,Christol,1964-03-29,7477333771,fchristolfw@telegraph.co.uk
574,Melosa,Narbett,1950-06-05,1681025760,mnarbettfx@wikispaces.com
575,Adamo,Mollnar,1925-04-18,5384381043,amollnarfy@google.com.br
576,Chiquia,Lorinez,1910-04-09,7992414518,clorinezfz@ucoz.com
577,Steward,Filippi,1940-12-14,4473423862,sfilippig0@ucoz.com
578,Ibby,Powney,1912-10-14,1868904950,ipowneyg1@reuters.com
579,Brunhilda,Bagster,1969-11-19,5984991154,bbagsterg2@army.mil
580,Llywellyn,Pahler,2010-09-08,3647477230,lpahlerg3@china.com.cn
581,Maddalena,Rowat,1962-06-03,4351613514,mrowatg4@examiner.com
582,Winny,Markie,1946-11-28,1734212425,wmarkieg5@ox.ac.uk
583,Constantin,Beasleigh,2004-07-22,9209756666,cbeasleighg6@behance.net
584,Eugene,Durward,1972-02-10,7517483199,edurwardg7@oracle.com
585,Darill,Milliken,1958-12-17,6829939600,dmillikeng8@parallels.com
586,Heath,Flewitt,1950-07-20,1594488563,hflewittg9@cpanel.net
587,Iris,McCarty,1904-11-23,2337533902,imccartyga@godaddy.com
588,Berky,Watting,1905-11-05,5995644630,bwattinggb@pbs.org
589,Rosa,Corkitt,2005-05-07,5148886164,rcorkittgc@newyorker.com
590,Raychel,Stiegar,1977-02-14,1438175450,rstiegargd@reddit.com
591,Hunt,Bodocs,1945-08-05,3377632722,hbodocsge@smugmug.com
592,Pammi,Siggin,1959-02-25,8236808575,psiggingf@bbc.co.uk
593,Kakalina,Corish,1905-07-07,1014055990,kcorishgg@alibaba.com
594,Jarrad,Giovannelli,1948-11-03,6401188088,jgiovannelligh@4shared.com
595,Edgar,Armit,1929-04-28,8223595848,earmitgi@hugedomains.com
596,Lyndsie,Machel,1905-05-17,7167962465,lmachelgj@si.edu
597,Urbanus,Allchorn,1994-11-08,4091817569,uallchorngk@toplist.cz
598,Edee,Mees,1952-03-14,9742725222,emeesgl@ycombinator.com
599,Layton,Carrel,1981-09-10,8239895364,lcarrelgm@gov.uk
600,Aeriel,Chirm,1998-05-20,9925920835,achirmgn@rambler.ru
601,Natalee,Gardiner,2010-09-22,8553825584,ngardinergo@java.com
602,Corri,Longhi,1957-09-12,3471509711,clonghigp@over-blog.com
603,Abigail,Brookton,2002-04-03,1899146488,abrooktongq@ask.com
604,Mylo,Ivanikov,1941-11-30,5431658721,mivanikovgr@youku.com
605,Halsey,Pancoast,2002-06-11,8713372678,hpancoastgs@hibu.com
606,Karoly,Tales,1904-08-09,4546095183,ktalesgt@blogs.com
607,Olva,Gooddie,2003-11-13,1119858683,ogooddiegu@sciencedaily.com
608,Hewet,Laugheran,1968-06-07,2013388090,hlaugherangv@ihg.com
609,Alicia,MacKean,1960-05-05,5148307102,amackeangw@imdb.com
610,Grenville,Excell,1974-04-20,3377127698,gexcellgx@ifeng.com
611,Liam,Corns,2002-03-04,9712806957,lcornsgy@drupal.org
612,Bobette,Kahane,1947-07-17,4637827969,bkahanegz@disqus.com
613,Cortie,Diggar,1952-11-19,6923367626,cdiggarh0@techcrunch.com
614,Codie,Kempstone,1906-04-10,2176192831,ckempstoneh1@behance.net
615,Benetta,Laurentin,1910-10-01,6813758156,blaurentinh2@independent.co.uk
616,Cory,Mortimer,1934-08-06,1567724728,cmortimerh3@oakley.com
617,Annamaria,Crosher,1966-07-22,7856525307,acrosherh4@bluehost.com
618,Murry,Bragginton,1936-01-06,9915684790,mbraggintonh5@photobucket.com
619,Wilburt,Haberfield,2010-08-21,8079643648,whaberfieldh6@1688.com
620,Otha,Lune,1956-05-25,6514908530,oluneh7@etsy.com
621,Melania,Stonebanks,2011-10-30,8349963373,mstonebanksh8@biglobe.ne.jp
622,Roldan,Marchington,1967-05-23,1262665180,rmarchingtonh9@vkontakte.ru
623,Bearnard,Nimmo,1962-04-28,5304666588,bnimmoha@prweb.com
624,Grace,Quinell,1933-07-06,7353355106,gquinellhb@i2i.jp
625,Remy,Figure,2009-10-28,9838115960,rfigurehc@cpanel.net
626,Rockie,D'Acth,1966-06-14,9385295991,rdacthhd@privacy.gov.au
627,Garnet,Tenniswood,1939-12-26,9214023267,gtenniswoodhe@meetup.com
628,Wendall,Cleworth,1994-06-29,6857978130,wcleworthhf@jiathis.com
629,Gram,Beynon,1997-09-07,7413094589,gbeynonhg@ucoz.ru
630,Shaine,MacIlwrick,1995-03-25,9659086531,smacilwrickhh@smugmug.com
631,Petr,O'Hearn,1974-07-28,2998832933,pohearnhi@tamu.edu
632,Brockie,Chetham,1916-07-10,2241420384,bchethamhj@so-net.ne.jp
633,Cindra,Di,Pietro,1945-07-05,9155674713,cdihk@timesonline.co.uk
634,Kermy,Norvel,1918-05-24,4712970233,knorvelhl@clickbank.net
635,Arlyn,Colby,1935-04-08,3668620216,acolbyhm@squidoo.com
636,Berna,Tierney,1964-09-02,1311249730,btierneyhn@spiegel.de
637,Kiley,Heak,1914-12-19,7424786475,kheakho@instagram.com
638,Mureil,Fancourt,1960-02-26,1323904216,mfancourthp@theatlantic.com
639,Bertina,Balston,1999-10-10,1078639464,bbalstonhq@un.org
640,Ulrike,Rodgman,1979-06-23,6981190583,urodgmanhr@jalbum.net
641,Derick,Durden,1943-04-29,3581712212,ddurdenhs@homestead.com
642,Englebert,Filipov,1932-07-09,9755359697,efilipovht@studiopress.com
643,Starr,Landman,1977-10-04,5494516670,slandmanhu@ebay.com
644,Jewel,Gibb,2008-01-16,7344563280,jgibbhv@admin.ch
645,Oliy,Swynfen,1998-05-21,7785723005,oswynfenhw@un.org
646,Sonnie,Fawdrie,1942-04-18,9306026879,sfawdriehx@google.cn
647,Carolyne,Ayton,1957-01-18,8874735537,caytonhy@miibeian.gov.cn
648,Leighton,Einchcombe,1975-01-26,4578490684,leinchcombehz@twitter.com
649,Shae,Bartlomiej,1980-11-03,8642186725,sbartlomieji0@ox.ac.uk
650,Ebeneser,Ballsdon,2015-04-15,4156456169,eballsdoni1@amazon.com
651,Correy,Alfonsini,1954-01-07,9362970814,calfonsinii2@rambler.ru
652,Nahum,Sparry,1999-08-26,6836039017,nsparryi3@51.la
653,Mack,Milstead,1925-09-21,5352739701,mmilsteadi4@google.nl
654,Carce,Sambles,1947-03-25,8792588976,csamblesi5@theguardian.com
655,Rozalin,Wraight,1917-01-05,7049596682,rwraighti6@newsvine.com
656,Zoe,Boothebie,1968-02-10,8047910407,zboothebiei7@paginegialle.it
657,Alisun,Pitcaithley,2009-09-26,3749801226,apitcaithleyi8@dell.com
658,Berton,Mongin,1916-06-01,4253304636,bmongini9@furl.net
659,Fiann,Commins,1916-05-23,3117644584,fcomminsia@slashdot.org
660,Billy,Tite,1935-09-05,7341142668,btiteib@tinyurl.com
661,Goldi,Akast,1945-02-19,5133875098,gakastic@deliciousdays.com
662,Carol-jean,Stoyle,1901-06-20,6952860331,cstoyleid@ox.ac.uk
663,Maurise,Courage,1951-09-25,8515119039,mcourageie@globo.com
664,Else,Illing,1931-01-21,6208153334,eillingif@independent.co.uk
665,Cecile,Burvill,1929-08-22,3666925520,cburvillig@salon.com
666,Caressa,Medford,1981-01-12,1911402682,cmedfordih@cpanel.net
667,Curtice,Trulock,1965-01-03,8006918757,ctrulockii@businessinsider.com
668,Aimee,Izak,1981-05-12,2104061681,aizakij@hugedomains.com
669,Ivan,Mattussevich,2013-05-11,3861038841,imattussevichik@ifeng.com
670,Bren,Ketchell,1970-06-16,7798135234,bketchellil@shinystat.com
671,Doralynn,Louthe,2010-06-02,6407371438,dloutheim@army.mil
672,Karel,Brandes,1901-06-16,5666530886,kbrandesin@weebly.com
673,Benni,Souten,2011-03-05,3411896794,bsoutenio@webs.com
674,Hazlett,Shapera,1949-06-14,4508214122,hshaperaip@vimeo.com
675,Angelique,Meere,1949-10-17,6256951007,ameereiq@netscape.com
676,Kordula,Boffin,1913-01-28,2212161004,kboffinir@whitehouse.gov
677,Crissie,Dunsmore,1978-11-03,4337458309,cdunsmoreis@icq.com
678,Nicolle,Blinman,2001-12-31,6161557895,nblinmanit@goodreads.com
679,Simonette,Winstanley,1916-01-17,8918109596,swinstanleyiu@patch.com
680,Eran,Witson,1903-08-27,2964406027,ewitsoniv@live.com
681,Carmon,Kaminski,1965-05-05,4289174014,ckaminskiiw@w3.org
682,Alan,Rate,1929-01-02,9261678919,arateix@etsy.com
683,Gregor,McFarlane,1986-11-12,2601832378,gmcfarlaneiy@vinaora.com
684,Lammond,Logesdale,1956-03-15,7993783889,llogesdaleiz@goo.ne.jp
685,Annabela,Danilov,1950-08-08,2156512974,adanilovj0@sina.com.cn
686,Marian,Primo,1928-11-25,8561931242,mprimoj1@taobao.com
687,Denny,Ketteridge,1987-10-23,2118075584,dketteridgej2@wikimedia.org
688,Clemmy,Girardet,1901-07-07,2046417395,cgirardetj3@boston.com
689,Janice,Rowe,1937-12-03,6879483417,jrowej4@tuttocitta.it
690,Harlan,Grouvel,1922-09-19,2896308119,hgrouvelj5@ycombinator.com
691,Jim,Guislin,1930-02-15,5029863765,jguislinj6@cocolog-nifty.com
692,Herold,Gonnel,1926-04-21,3487555029,hgonnelj7@studiopress.com
693,Dot,Kocher,1933-05-22,5114234571,dkocherj8@domainmarket.com
694,Herc,Jaye,1969-05-22,7711093654,hjayej9@msn.com
695,Bar,Spir,1948-10-05,7199293088,bspirja@drupal.org
696,Romonda,McCaughey,2004-03-18,1913086251,rmccaugheyjb@sina.com.cn
697,Tabitha,Charley,2004-08-25,8501840215,tcharleyjc@go.com
698,Margaretta,Ramard,1934-03-19,6701749955,mramardjd@vistaprint.com
699,Graehme,Dibble,1985-11-30,4182127585,gdibbleje@archive.org
700,Van,Horry,1941-10-06,8139491882,vhorryjf@posterous.com
701,Emilio,Ganny,1924-01-09,2674270801,egannyjg@tripadvisor.com
702,Aeriel,Kornyshev,1978-09-12,2382450765,akornyshevjh@printfriendly.com
703,Mirabelle,Gilliland,1991-12-28,8419628314,mgillilandji@uiuc.edu
704,Loydie,Aicheson,2004-05-23,9192238624,laichesonjj@eepurl.com
705,Althea,Citrine,1996-10-06,3164852098,acitrinejk@flavors.me
706,Minda,MacCambridge,1935-04-29,7196298312,mmaccambridgejl@sakura.ne.jp
707,Genny,Peirson,2007-08-10,5287502200,gpeirsonjm@comsenz.com
708,Xavier,Hastilow,2014-11-02,8047855885,xhastilowjn@usnews.com
709,Laure,Lembrick,1993-02-14,7028648629,llembrickjo@bravesites.com
710,Karlik,Hundley,1975-12-04,8684961297,khundleyjp@netscape.com
711,Gilburt,Dearlove,1916-02-27,2957770678,gdearlovejq@aol.com
712,Teodora,Kemell,2009-10-27,2717307327,tkemelljr@godaddy.com
713,Samuele,Bartkowiak,1939-10-23,3639365075,sbartkowiakjs@goo.gl
714,Sylas,Leader,1999-10-27,4597722454,sleaderjt@cmu.edu
715,Giffard,Vasnetsov,1950-05-03,1245434428,gvasnetsovju@purevolume.com
716,Max,Bilton,1938-06-28,9314379262,mbiltonjv@weebly.com
717,Aigneis,Dellar,1946-10-20,5837245828,adellarjw@ebay.com
718,Olly,Heugel,2007-11-23,9629897539,oheugeljx@xinhuanet.com
719,Nicole,Sudworth,1901-06-24,2163286569,nsudworthjy@sbwire.com
720,Billie,Althorpe,1960-08-06,3848666115,balthorpejz@harvard.edu
721,Puff,Isac,1928-11-25,1224947863,pisack0@bloglovin.com
722,Dun,Tomblett,1958-05-12,6092947565,dtomblettk1@epa.gov
723,Godfree,Lober,1986-10-19,9261878604,globerk2@mlb.com
724,Kelley,Blasik,2002-10-19,5849254918,kblasikk3@naver.com
725,Phyllis,Pennacci,1910-08-29,8386777872,ppennaccik4@github.io
726,Eugen,Moehle,1914-01-20,8224007560,emoehlek5@artisteer.com
727,Benny,Tuke,1976-11-13,1592946959,btukek6@delicious.com
728,Lavina,Quinton,1947-03-08,7886723536,lquintonk7@oakley.com
729,Welbie,Feldhuhn,1951-09-11,2891275132,wfeldhuhnk8@slideshare.net
730,Marnia,Boyen,1939-11-20,5584353492,mboyenk9@youtube.com
731,Granger,de,Lloyd,1946-09-21,9495039066,gdeka@youtu.be
732,Lewie,Albrooke,1981-03-01,4317426094,lalbrookekb@answers.com
733,Brook,Runnalls,1911-02-23,6233141596,brunnallskc@sourceforge.net
734,Boycie,Dalligan,1973-12-01,5205007910,bdalligankd@imgur.com
735,De,witt,Dicky,1970-10-23,8688450668,dwittke@constantcontact.com
736,Corabel,Blabber,2007-08-12,7171554131,cblabberkf@mayoclinic.com
737,Zach,McMakin,1906-06-06,5323588622,zmcmakinkg@friendfeed.com
738,Laverna,Schulz,1976-03-06,7154950704,lschulzkh@usnews.com
739,Mohammed,Skilton,1916-07-18,5341134382,mskiltonki@ask.com
740,Brendis,Thomson,1989-11-01,6914856181,bthomsonkj@skype.com
741,Merl,Rushbury,1985-05-06,9928009849,mrushburykk@hibu.com
742,Isobel,Lightwing,1949-08-04,1105955760,ilightwingkl@moonfruit.com
743,Parry,McCalister,1940-02-20,5431479046,pmccalisterkm@npr.org
744,Monro,Wedmore.,2004-01-05,2326595139,mwedmorekn@devhub.com
745,Ryan,Henmarsh,1964-10-25,4362972248,rhenmarshko@mac.com
746,Mordy,Adamec,1908-12-11,9397434075,madameckp@canalblog.com
747,Clementius,Stote,1934-09-19,9101972763,cstotekq@fastcompany.com
748,Granthem,Spikings,1953-06-13,3231199470,gspikingskr@blogspot.com
749,Barr,Leeves,1935-05-23,7186124229,bleevesks@google.it
750,Kristine,Ostridge,2006-07-08,1507162246,kostridgekt@vk.com
751,Jacqui,Stampe,1922-03-28,9556598310,jstampeku@census.gov
752,Tracie,Esseby,1945-08-11,4285147376,tessebykv@oakley.com
753,Flin,Creasy,1932-05-12,4162222560,fcreasykw@myspace.com
754,Brewster,Ixer,1986-06-11,2509660501,bixerkx@abc.net.au
755,Cherida,Philot,1939-11-29,7024607726,cphilotky@home.pl
756,Tallie,Dmtrovic,1935-02-24,3387179608,tdmtrovickz@bravesites.com
757,Linzy,Dunford,1981-05-09,8033164266,ldunfordl0@ibm.com
758,Mart,Bushell,1963-03-02,8287183568,mbushelll1@oracle.com
759,Marshal,Friend,1910-05-30,3094156725,mfriendl2@liveinternet.ru
760,Cleon,Coils,1990-11-19,8729676655,ccoilsl3@cpanel.net
761,Kaia,Somerlie,2004-08-26,1125848698,ksomerliel4@comsenz.com
762,Noel,Fere,1966-08-09,8452696646,nferel5@bloglovin.com
763,Adolpho,Fredi,1953-07-03,8474818007,afredil6@techcrunch.com
764,Wanda,Chapellow,1971-03-22,9007902674,wchapellowl7@ucla.edu
765,Bary,Manshaw,1914-08-23,7521837175,bmanshawl8@opensource.org
766,Filberto,Fibbens,1957-07-23,3617392712,ffibbensl9@state.gov
767,Maxie,Scanlan,1975-06-17,7184182914,mscanlanla@netlog.com
768,Lothario,Chatters,1932-05-25,6076327057,lchatterslb@unicef.org
769,Rollins,Letterick,1922-07-05,9763429476,rlettericklc@independent.co.uk
770,Rustin,Solano,1947-08-01,6778206491,rsolanold@spiegel.de
771,Eydie,Boobier,1902-12-02,1562678002,eboobierle@hhs.gov
772,Caldwell,Magne,1957-08-05,3878955561,cmagnelf@wufoo.com
773,Kevan,Van,der,Spohr,2000-07-18,5984805470,kvanlg@multiply.com
774,Weston,Hornig,1925-08-30,4174637379,whorniglh@sakura.ne.jp
775,Percy,Merner,1999-10-26,2133144417,pmernerli@elegantthemes.com
776,Amelina,Hurler,1928-01-21,3574662921,ahurlerlj@cdc.gov
777,Talyah,Boydle,1986-02-01,1526775980,tboydlelk@csmonitor.com
778,Ame,Haggeth,2004-02-20,2875968439,ahaggethll@flickr.com
779,Van,Le,Barr,1932-02-13,6585513202,vlelm@free.fr
780,Melinda,Longridge,1943-08-20,6813332380,mlongridgeln@instagram.com
781,Cobbie,Stembridge,1948-01-03,4133532210,cstembridgelo@va.gov
782,De,Micheli,1905-06-21,4021283523,dmichelilp@answers.com
783,Gabrila,Reay,1935-03-18,5121969935,greaylq@cnn.com
784,Cathlene,Rimer,1952-08-05,2152457450,crimerlr@bravesites.com
785,Joellyn,Fernyhough,1949-03-30,5133237840,jfernyhoughls@paypal.com
786,Priscilla,Eirwin,1947-10-04,8575512059,peirwinlt@delicious.com
787,Jeffrey,Gozzett,1983-04-08,9419214501,jgozzettlu@guardian.co.uk
788,Margette,Milsap,1961-10-16,8505235965,mmilsaplv@youtube.com
789,Amity,Grishkov,1913-12-06,4219930053,agrishkovlw@over-blog.com
790,Katrina,Quig,1904-02-29,1288785531,kquiglx@independent.co.uk
791,Guillemette,Gladman,1951-08-28,5154712248,ggladmanly@imgur.com
792,Gabriele,Keatley,1967-07-25,7306351237,gkeatleylz@wikispaces.com
793,Elnora,Sallery,2013-03-07,5428424005,esallerym0@reverbnation.com
794,Marabel,McIlvenny,1915-09-04,7272818365,mmcilvennym1@europa.eu
795,Tricia,Dunster,1975-09-11,7204228773,tdunsterm2@gizmodo.com
796,Gene,Arblaster,2009-07-10,1821036150,garblasterm3@amazon.de
797,Robinett,Clerc,1955-10-03,7632789442,rclercm4@pagesperso-orange.fr
798,Joy,Songust,1972-01-17,6885080676,jsongustm5@blinklist.com
799,Shelba,Capper,1913-07-19,7712820133,scapperm6@nifty.com
800,May,Lestor,2010-08-15,5124243560,mlestorm7@privacy.gov.au
801,Ermina,Zupa,2012-12-17,5542627383,ezupam8@xrea.com
802,Christoph,Brewin,2001-06-04,1821726752,cbrewinm9@businessinsider.com
803,Mohammed,Glascott,1984-03-10,6149579199,mglascottma@a8.net
804,Clemmy,Barlace,1988-06-06,9169801109,cbarlacemb@deviantart.com
805,Joshua,Allworthy,2012-08-27,2249509720,jallworthymc@xrea.com
806,Tamar,Ostridge,2007-06-05,9316683175,tostridgemd@comsenz.com
807,Dulciana,Abberley,1946-11-02,4153733253,dabberleyme@amazonaws.com
808,Dagmar,Sapp,1929-06-03,5448054658,dsappmf@plala.or.jp
809,Minerva,Carroll,1934-03-24,3045964225,mcarrollmg@infoseek.co.jp
810,Aliza,Pietrasik,1939-01-15,8706415995,apietrasikmh@photobucket.com
811,Xylia,Pointon,1948-05-16,6464204544,xpointonmi@php.net
812,Dalenna,Cayford,1904-09-03,4915751875,dcayfordmj@walmart.com
813,Aggy,Goodluck,1937-02-10,2921256668,agoodluckmk@scribd.com
814,Zuzana,Gainsboro,1978-11-11,3804000459,zgainsboroml@stanford.edu
815,Luce,Yakobowitz,1969-08-06,9148996280,lyakobowitzmm@acquirethisname.com
816,Dody,Keyes,1901-03-24,2725495234,dkeyesmn@ed.gov
817,Herschel,Bushell,1902-08-09,3221946370,hbushellmo@nature.com
818,Caspar,Pirozzi,1997-02-13,4246398299,cpirozzimp@nyu.edu
819,Alexandro,Guidelli,1936-02-17,5113943202,aguidellimq@constantcontact.com
820,Krista,O',Hanvey,1913-03-19,6139176385,komr@examiner.com
821,Quinton,Bromell,1973-02-17,6289688887,qbromellms@sfgate.com
822,Morry,Nanuccioi,1962-05-23,8569535128,mnanuccioimt@studiopress.com
823,Gusty,Garrould,1962-04-03,9827508834,ggarrouldmu@mit.edu
824,Tarrah,Shovlin,1918-04-19,8347701672,tshovlinmv@latimes.com
825,Liesa,Roget,1935-04-07,2357342932,lrogetmw@cpanel.net
826,Calla,Guite,1957-01-08,6586908878,cguitemx@mac.com
827,Paulie,Briffett,1910-04-28,4488121474,pbriffettmy@typepad.com
828,Harri,Vasyutkin,1965-08-04,7141535459,hvasyutkinmz@rambler.ru
829,Darcy,Gillbee,1928-10-21,9659666268,dgillbeen0@umich.edu
830,Gabriello,Gladman,1925-02-03,9425286892,ggladmann1@hubpages.com
831,Inglebert,Jerrom,1943-05-19,8339405198,ijerromn2@unblog.fr
832,Harwilll,Hamshaw,1965-05-05,4015315606,hhamshawn3@gmpg.org
833,Homer,Garnul,1933-08-11,5402032985,hgarnuln4@storify.com
834,Fayth,Cleve,1989-05-17,7776203652,fcleven5@uiuc.edu
835,Lauren,Charity,1921-05-12,4635431476,lcharityn6@answers.com
836,Johnath,Trynor,1988-02-03,4698589567,jtrynorn7@wordpress.com
837,Demetris,Scriver,1904-04-19,7189401513,dscrivern8@gizmodo.com
838,Wendy,Wigan,2006-07-01,6437815871,wwigann9@wunderground.com
839,Doreen,Bubbear,1914-04-15,8381892717,dbubbearna@ted.com
840,Cord,Quiddinton,1971-06-18,8797585058,cquiddintonnb@wix.com
841,Charlotte,Fricke,1958-04-10,6583028221,cfrickenc@furl.net
842,Esmeralda,Bicheno,1901-09-29,5365900774,ebichenond@geocities.jp
843,Candida,Vescovo,1966-11-01,4915937556,cvescovone@redcross.org
844,Linn,Chattelaine,1921-07-23,5623328597,lchattelainenf@spiegel.de
845,Blinnie,Dubery,2015-01-20,7992134647,bduberyng@sciencedaily.com
846,Guillemette,Longstreet,2010-02-09,2935386633,glongstreetnh@nasa.gov
847,Dena,Stannett,1975-08-25,2862211679,dstannettni@craigslist.org
848,Ruthanne,Billany,1908-07-15,2901839616,rbillanynj@redcross.org
849,Elsey,Arnaudin,2005-06-02,7738272976,earnaudinnk@archive.org
850,Davis,Jozsa,1943-06-19,7834262948,djozsanl@gnu.org
851,Eba,Machans,1925-01-22,2119088953,emachansnm@pinterest.com
852,Zacherie,Espinoy,1914-10-31,3669320394,zespinoynn@mashable.com
853,Shannan,Radki,2008-04-19,8677507976,sradkino@wikimedia.org
854,Hewie,Landon,1918-10-19,5682889630,hlandonnp@dyndns.org
855,Derril,Diperaus,1908-11-08,5006056160,ddiperausnq@topsy.com
856,Rozalie,Eastwood,2000-09-19,3805565466,reastwoodnr@yahoo.com
857,Alexis,Artois,1954-09-15,4394571092,aartoisns@abc.net.au
858,Milly,Yarrall,1935-11-09,2392466511,myarrallnt@netscape.com
859,Lory,Bigham,1903-02-27,6551818432,lbighamnu@cloudflare.com
860,Averell,Gorman,1967-07-01,1387798618,agormannv@lulu.com
861,Elwin,Bedinn,1905-09-04,9029829250,ebedinnnw@howstuffworks.com
862,Kelcy,Kiellor,1914-10-26,4577229048,kkiellornx@ed.gov
863,Sherilyn,Dinsmore,1987-08-20,3225541873,sdinsmoreny@nydailynews.com
864,Colas,Chevis,1970-03-25,4061127124,cchevisnz@prweb.com
865,Isacco,Favill,1911-06-16,4253675832,ifavillo0@phoca.cz
866,Krystle,Eakley,1974-09-24,7302803610,keakleyo1@ameblo.jp
867,Marina,D'Errico,1959-02-10,2275006762,mderricoo2@wordpress.com
868,Ozzy,Hulson,2001-11-15,3369997766,ohulsono3@4shared.com
869,Francesca,Yukhov,1924-03-17,6653410612,fyukhovo4@scribd.com
870,Lincoln,Steiner,1933-03-28,6056956363,lsteinero5@toplist.cz
871,Miran,Chadwen,1991-03-30,9643305752,mchadweno6@myspace.com
872,Emilia,Farrington,1994-04-06,5761244282,efarringtono7@ocn.ne.jp
873,Xenos,Cornew,1982-08-03,2638035367,xcornewo8@globo.com
874,Hedvige,Liebmann,1993-08-06,9978063350,hliebmanno9@jiathis.com
875,Nola,Walentynowicz,1936-04-16,8226143380,nwalentynowiczoa@biblegateway.com
876,Teressa,Biaggiotti,1984-12-06,4618697528,tbiaggiottiob@wordpress.org
877,Randolf,Slowan,1913-04-09,9448040446,rslowanoc@wp.com
878,Eden,Basindale,1991-08-20,8043483577,ebasindaleod@acquirethisname.com
879,Juana,Hizir,1964-08-21,6196020824,jhiziroe@census.gov
880,Joelynn,Bordessa,1965-10-13,8798118281,jbordessaof@sogou.com
881,Filide,Breyt,1963-02-19,9878733459,fbreytog@ebay.co.uk
882,Rem,Jacob,1964-05-21,7421670494,rjacoboh@blogs.com
883,Lanny,Marle,1976-12-03,3384620049,lmarleoi@squidoo.com
884,Kaitlynn,Menchenton,1969-08-20,2625756230,kmenchentonoj@bloomberg.com
885,Harman,Blincoe,1987-03-25,7396692487,hblincoeok@nationalgeographic.com
886,Gideon,Sambeck,1935-08-17,1669519386,gsambeckol@thetimes.co.uk
887,Kaspar,Matten,1955-02-19,8984547602,kmattenom@youku.com
888,Rosalinde,Maile,2003-06-21,2015007571,rmaileon@about.me
889,Huey,Hebblewhite,1945-01-14,3325835928,hhebblewhiteoo@hatena.ne.jp
890,Randi,Gammell,1922-07-15,4455022475,rgammellop@hud.gov
891,Olvan,Moles,2004-05-01,2494842456,omolesoq@mozilla.com
892,Lauraine,Halwell,1937-01-13,1517086577,lhalwellor@google.it
893,Lenna,Vears,1947-05-10,3768841795,lvearsos@icio.us
894,Patty,Guinn,1922-02-07,6972712316,pguinnot@wired.com
895,Dorita,Rimour,1931-12-24,3488668957,drimourou@un.org
896,Elysha,Cristea,1979-09-13,2593114096,ecristeaov@epa.gov
897,Virgie,Millmore,1964-08-25,6098694054,vmillmoreow@state.gov
898,Chariot,O'Lagen,1927-12-12,9612697728,colagenox@wordpress.com
899,Elvyn,Oakeshott,1970-12-07,1531159048,eoakeshottoy@multiply.com
900,Bianka,Antuoni,1904-11-28,3563993533,bantuonioz@photobucket.com
901,Nathalie,Oherlihy,1999-07-14,5741506094,noherlihyp0@hubpages.com
902,Biron,Buessen,1908-01-22,8121444361,bbuessenp1@twitpic.com
903,Wallie,Bees,1930-10-30,1069955839,wbeesp2@nationalgeographic.com
904,Rebbecca,Kirman,1967-09-08,9931247484,rkirmanp3@smugmug.com
905,Saunderson,MacCoughan,2012-10-01,2641556556,smaccoughanp4@economist.com
906,Fernande,Merman,1946-03-01,5284187354,fmermanp5@dagondesign.com
907,Sandor,Cordingly,1957-04-25,2202185465,scordinglyp6@furl.net
908,Lia,Hug,1989-11-11,6116037969,lhugp7@goo.ne.jp
909,Merrile,Maisey,1946-07-13,8149197524,mmaiseyp8@cdc.gov
910,Ed,Welbourn,1961-01-09,1251158165,ewelbournp9@instagram.com
911,Allix,Biglin,2007-03-20,6341758052,abiglinpa@ifeng.com
912,Aylmar,Paramore,2004-10-11,7671019065,aparamorepb@cdc.gov
913,Krystle,Ovens,1903-07-14,6137206333,kovenspc@twitpic.com
914,Aaron,Ruscoe,1917-02-09,3278328209,aruscoepd@indiegogo.com
915,Kain,Allsebrook,1902-12-31,5766516508,kallsebrookpe@privacy.gov.au
916,Lilah,Sugar,1934-10-21,9945725213,lsugarpf@latimes.com
917,Earlie,Mitchiner,1983-08-03,8394375494,emitchinerpg@wikispaces.com
918,Nollie,Varlow,1975-09-06,6799084450,nvarlowph@dot.gov
919,Kalle,Condon,1941-08-30,7522877975,kcondonpi@cnbc.com
920,Sullivan,Palatino,1925-08-06,7964505914,spalatinopj@pagesperso-orange.fr
921,Sarina,Insall,1992-11-02,2638827549,sinsallpk@jugem.jp
922,Tomlin,Birdwhistell,1954-07-31,1573128002,tbirdwhistellpl@bloomberg.com
923,Cecilia,McNellis,1995-11-20,8401726366,cmcnellispm@github.io
924,Curtice,Gostick,1984-08-25,7669588155,cgostickpn@uol.com.br
925,Christiano,Joselson,1941-10-28,9055302000,cjoselsonpo@squarespace.com
926,Orlando,Huikerby,1998-01-27,6715862531,ohuikerbypp@paypal.com
927,Hester,Morrid,1975-12-29,2715846183,hmorridpq@cyberchimps.com
928,Ailbert,Kop,1905-03-16,4053589222,akoppr@washington.edu
929,Marji,Avrasin,1993-08-17,1296716161,mavrasinps@nasa.gov
930,Mercy,Rawlins,1928-03-12,6955570210,mrawlinspt@slate.com
931,Sherye,Lansbury,1932-01-26,8578845681,slansburypu@goo.ne.jp
932,Udale,Longbottom,1944-09-16,6593520982,ulongbottompv@wikipedia.org
933,Lillian,Orrum,2002-02-21,6479152611,lorrumpw@nifty.com
934,Ugo,Kliner,1921-10-04,8574926078,uklinerpx@tripadvisor.com
935,Stefanie,Mungan,1910-02-28,1282427958,smunganpy@cisco.com
936,Jarib,Branston,1997-12-27,7587747555,jbranstonpz@wikispaces.com
937,Joannes,Rodenburg,1989-08-19,8071714215,jrodenburgq0@phpbb.com
938,Hussein,Pringell,1927-01-11,7283603270,hpringellq1@harvard.edu
939,Amos,Caddens,1985-11-28,8491692990,acaddensq2@microsoft.com
940,Bordy,Geoghegan,1907-07-16,6947589043,bgeogheganq3@hatena.ne.jp
941,Melisent,Jerzyk,2006-08-19,8678578307,mjerzykq4@diigo.com
942,Maryjane,Lackington,1924-04-30,4477257440,mlackingtonq5@squarespace.com
943,Viole,Woodwind,1955-06-23,7558988630,vwoodwindq6@wix.com
944,Aeriela,Stegell,1993-10-05,5901459463,astegellq7@homestead.com
945,Winnah,Butfield,1944-03-18,8199174496,wbutfieldq8@pinterest.com
946,Avram,Tassaker,1969-02-10,6637643389,atassakerq9@ycombinator.com
947,Darrell,Eddicott,1989-08-23,8515371658,deddicottqa@netlog.com
948,Greggory,Leabeater,1997-04-22,8658534066,gleabeaterqb@newsvine.com
949,Ikey,Whyborn,1938-11-16,1571849105,iwhybornqc@goodreads.com
950,Tabina,O',Mullane,2005-12-21,7106624991,toqd@cloudflare.com
951,Daffi,Gerrard,1995-06-23,9157651956,dgerrardqe@hao123.com
952,Harris,Enser,2008-04-28,7205456456,henserqf@spotify.com
953,Guinevere,Makiver,1912-04-05,7904347678,gmakiverqg@shop-pro.jp
954,Deva,Sleeford,1983-12-12,3741134181,dsleefordqh@illinois.edu
955,Eleni,Medford,1976-08-04,9326151184,emedfordqi@gizmodo.com
956,Tracie,Circuitt,1953-05-22,5009477662,tcircuittqj@simplemachines.org
957,Violante,Feldfisher,1993-01-03,6493149492,vfeldfisherqk@disqus.com
958,Gaspar,Duiged,1980-11-20,9875494315,gduigedql@de.vu
959,Michal,Caves,2002-04-30,8235854514,mcavesqm@elegantthemes.com
960,Beatrice,Linner,1936-02-20,4469739375,blinnerqn@netvibes.com
961,Concordia,Featherstone,1976-05-08,9172918828,cfeatherstoneqo@msn.com
962,Sophie,Jonuzi,1955-12-31,4677656483,sjonuziqp@etsy.com
963,Stevana,Crossdale,1983-10-29,7997249988,scrossdaleqq@irs.gov
964,Beret,Ciccotto,2012-12-11,9294851373,bciccottoqr@oaic.gov.au
965,Hall,Dat,1975-07-23,6814225444,hdatqs@netlog.com
966,Jany,Fansy,1908-11-07,4399951626,jfansyqt@arstechnica.com
967,Costanza,Andryushin,1966-03-01,4553441505,candryushinqu@w3.org
968,Delmar,Drysdale,1953-03-20,9832357488,ddrysdaleqv@oaic.gov.au
969,Sibella,Millichap,1911-01-16,1098337076,smillichapqw@barnesandnoble.com
970,Joanie,Harborow,1972-09-23,7147611956,jharborowqx@state.tx.us
971,Irma,Malek,1965-03-08,5574053712,imalekqy@prlog.org
972,Irv,Wheeliker,1969-03-14,2702027831,iwheelikerqz@wisc.edu
973,Alayne,Flello,1985-06-01,2887672528,aflellor0@scribd.com
974,Eldon,Suff,1941-07-12,8321397962,esuffr1@google.com.au
975,Phebe,Tregonna,1934-04-17,9714082453,ptregonnar2@ustream.tv
976,Dory,Hedin,1932-11-07,8301918936,dhedinr3@a8.net
977,Obadias,Bosket,1961-05-30,1106944530,obosketr4@msn.com
978,Farr,Bohan,1929-06-21,4587908195,fbohanr5@virginia.edu
979,Madlin,Burgum,1915-09-07,6527029684,mburgumr6@ebay.com
980,Margaretha,Gallihawk,1978-05-27,8696680705,mgallihawkr7@indiatimes.com
981,Antonietta,Chesher,1911-11-27,8641067469,achesherr8@gmpg.org
982,Sylas,Gierck,1959-01-07,7599510502,sgierckr9@imdb.com
983,Lavina,Lob,1954-01-20,3393618897,llobra@discovery.com
984,Osmund,Else,1918-11-12,9331660894,oelserb@microsoft.com
985,Saxon,Pering,1916-01-13,5453420916,speringrc@geocities.com
986,Jacquie,Ballsdon,1999-01-02,3604826707,jballsdonrd@meetup.com
987,Julia,Orrobin,1978-10-04,6841079583,jorrobinre@cdc.gov
988,Raleigh,Leap,1978-09-07,7193504601,rleaprf@umich.edu
989,Russell,Harrop,1933-01-24,9325637727,rharroprg@salon.com
990,Cristionna,Feldklein,1967-04-14,9841227134,cfeldkleinrh@scientificamerican.com
991,Barrie,Hanigan,1936-06-24,4963065896,bhaniganri@wufoo.com
992,Melantha,O',Cloney,1990-03-03,8386492673,morj@homestead.com
993,Ernst,Carress,1927-06-15,2742160330,ecarressrk@hao123.com
994,Lise,Pryor,1966-05-06,6214885820,lpryorrl@ustream.tv
995,Claudelle,Holtom,1907-02-28,9684787803,choltomrm@liveinternet.ru
996,Wyatan,Rhyme,1982-02-17,3784421514,wrhymern@hp.com
997,Phillida,Furman,1943-03-16,4455679460,pfurmanro@walmart.com
998,Iorgo,Prattington,1906-05-19,6994095115,iprattingtonrp@twitter.com
999,Dorey,Record,1942-02-24,6412477705,drecordrq@tmall.com
1000,Felic,Sissot,1969-07-20,2827944154,fsissotrr@freewebs.com
